[
{
  "model": "contenttypes.contenttype",
  "pk": 1,
  "fields": {
    "app_label": "admin",
    "model": "logentry"
  }
},
{
  "model": "contenttypes.contenttype",
  "pk": 2,
  "fields": {
    "app_label": "auth",
    "model": "permission"
  }
},
{
  "model": "contenttypes.contenttype",
  "pk": 3,
  "fields": {
    "app_label": "auth",
    "model": "group"
  }
},
{
  "model": "contenttypes.contenttype",
  "pk": 4,
  "fields": {
    "app_label": "auth",
    "model": "user"
  }
},
{
  "model": "contenttypes.contenttype",
  "pk": 5,
  "fields": {
    "app_label": "contenttypes",
    "model": "contenttype"
  }
},
{
  "model": "contenttypes.contenttype",
  "pk": 6,
  "fields": {
    "app_label": "sessions",
    "model": "session"
  }
},
{
  "model": "contenttypes.contenttype",
  "pk": 7,
  "fields": {
    "app_label": "reserve",
    "model": "profile"
  }
},
{
  "model": "contenttypes.contenttype",
  "pk": 8,
  "fields": {
    "app_label": "reserve",
    "model": "reservationtype"
  }
},
{
  "model": "contenttypes.contenttype",
  "pk": 9,
  "fields": {
    "app_label": "reserve",
    "model": "vacancystatus"
  }
},
{
  "model": "contenttypes.contenttype",
  "pk": 10,
  "fields": {
    "app_label": "reserve",
    "model": "spacetype"
  }
},
{
  "model": "contenttypes.contenttype",
  "pk": 11,
  "fields": {
    "app_label": "reserve",
    "model": "parking"
  }
},
{
  "model": "contenttypes.contenttype",
  "pk": 12,
  "fields": {
    "app_label": "reserve",
    "model": "building"
  }
},
{
  "model": "contenttypes.contenttype",
  "pk": 13,
  "fields": {
    "app_label": "reserve",
    "model": "space"
  }
},
{
  "model": "contenttypes.contenttype",
  "pk": 14,
  "fields": {
    "app_label": "reserve",
    "model": "reservation"
  }
},
{
  "model": "sessions.session",
  "pk": "p60l7ulmebafuzqsi8nva0hha78auqcz",
  "fields": {
    "session_data": "MThkNGFlMTlkM2JlYjNkYjFlMTAyYzEyMjM3YzhkNmY0YzZlNjNiZjp7Il9hdXRoX3VzZXJfaWQiOiIxIiwiX2F1dGhfdXNlcl9iYWNrZW5kIjoiZGphbmdvLmNvbnRyaWIuYXV0aC5iYWNrZW5kcy5Nb2RlbEJhY2tlbmQiLCJfYXV0aF91c2VyX2hhc2giOiJkYjEzN2U4NDExNTZmYWNkMzA1ZjJmYzNhZTlmMTVmYTliNDU3NGQ2In0=",
    "expire_date": "2017-06-30T19:05:43.480Z"
  }
},
{
  "model": "reserve.reservationtype",
  "pk": 1,
  "fields": {
    "label": "Reserved"
  }
},
{
  "model": "reserve.reservationtype",
  "pk": 2,
  "fields": {
    "label": "Cancelled"
  }
},
{
  "model": "reserve.reservationtype",
  "pk": 3,
  "fields": {
    "label": "Paid"
  }
},
{
  "model": "reserve.reservationtype",
  "pk": 4,
  "fields": {
    "label": "Confirmed"
  }
},
{
  "model": "reserve.vacancystatus",
  "pk": 1,
  "fields": {
    "label": "Open"
  }
},
{
  "model": "reserve.vacancystatus",
  "pk": 2,
  "fields": {
    "label": "On Monthly Contract"
  }
},
{
  "model": "reserve.spacetype",
  "pk": 1,
  "fields": {
    "label": "Barn 9",
    "monthly": false
  }
},
{
  "model": "reserve.spacetype",
  "pk": 2,
  "fields": {
    "label": "Barn 11",
    "monthly": false
  }
},
{
  "model": "reserve.spacetype",
  "pk": 3,
  "fields": {
    "label": "Barn 12",
    "monthly": false
  }
},
{
  "model": "reserve.spacetype",
  "pk": 4,
  "fields": {
    "label": "Barn 14",
    "monthly": false
  }
},
{
  "model": "reserve.spacetype",
  "pk": 5,
  "fields": {
    "label": "Barn 16",
    "monthly": false
  }
},
{
  "model": "reserve.spacetype",
  "pk": 6,
  "fields": {
    "label": "Tree Spots",
    "monthly": false
  }
},
{
  "model": "reserve.spacetype",
  "pk": 7,
  "fields": {
    "label": "Fence Spots",
    "monthly": false
  }
},
{
  "model": "reserve.spacetype",
  "pk": 8,
  "fields": {
    "label": "Barn 3",
    "monthly": false
  }
},
{
  "model": "reserve.spacetype",
  "pk": 9,
  "fields": {
    "label": "Uncovered Outside Spots",
    "monthly": null
  }
},
{
  "model": "reserve.spacetype",
  "pk": 10,
  "fields": {
    "label": "Barn 1",
    "monthly": true
  }
},
{
  "model": "reserve.spacetype",
  "pk": 11,
  "fields": {
    "label": "Barn 2",
    "monthly": true
  }
},
{
  "model": "reserve.spacetype",
  "pk": 12,
  "fields": {
    "label": "Barn 4",
    "monthly": true
  }
},
{
  "model": "reserve.spacetype",
  "pk": 13,
  "fields": {
    "label": "Barn 5",
    "monthly": true
  }
},
{
  "model": "reserve.spacetype",
  "pk": 14,
  "fields": {
    "label": "Barn 6",
    "monthly": true
  }
},
{
  "model": "reserve.spacetype",
  "pk": 15,
  "fields": {
    "label": "Barn 7",
    "monthly": true
  }
},
{
  "model": "reserve.spacetype",
  "pk": 16,
  "fields": {
    "label": "Barn 8",
    "monthly": true
  }
},
{
  "model": "reserve.spacetype",
  "pk": 17,
  "fields": {
    "label": "Barn 10",
    "monthly": true
  }
},
{
  "model": "reserve.spacetype",
  "pk": 18,
  "fields": {
    "label": "N Buildings",
    "monthly": true
  }
},
{
  "model": "reserve.spacetype",
  "pk": 19,
  "fields": {
    "label": "D Buildings",
    "monthly": true
  }
},
{
  "model": "reserve.spacetype",
  "pk": 20,
  "fields": {
    "label": "B Buildings",
    "monthly": true
  }
},
{
  "model": "reserve.spacetype",
  "pk": 21,
  "fields": {
    "label": "C Buildings",
    "monthly": true
  }
},
{
  "model": "reserve.spacetype",
  "pk": 22,
  "fields": {
    "label": "CB Buildings",
    "monthly": true
  }
},
{
  "model": "reserve.parking",
  "pk": 1,
  "fields": {
    "label": "Parking for 1 Vehicle"
  }
},
{
  "model": "reserve.parking",
  "pk": 2,
  "fields": {
    "label": "Parking for 1 Vehicle and Trailor"
  }
},
{
  "model": "reserve.parking",
  "pk": 3,
  "fields": {
    "label": "No Inside Parking"
  }
},
{
  "model": "reserve.parking",
  "pk": 4,
  "fields": {
    "label": "Parking for 2 Vehicles"
  }
},
{
  "model": "reserve.parking",
  "pk": 5,
  "fields": {
    "label": "Parking for 3 Vehicles"
  }
},
{
  "model": "auth.permission",
  "pk": 1,
  "fields": {
    "name": "Can add log entry",
    "content_type": 1,
    "codename": "add_logentry"
  }
},
{
  "model": "auth.permission",
  "pk": 2,
  "fields": {
    "name": "Can change log entry",
    "content_type": 1,
    "codename": "change_logentry"
  }
},
{
  "model": "auth.permission",
  "pk": 3,
  "fields": {
    "name": "Can delete log entry",
    "content_type": 1,
    "codename": "delete_logentry"
  }
},
{
  "model": "auth.permission",
  "pk": 4,
  "fields": {
    "name": "Can add permission",
    "content_type": 2,
    "codename": "add_permission"
  }
},
{
  "model": "auth.permission",
  "pk": 5,
  "fields": {
    "name": "Can change permission",
    "content_type": 2,
    "codename": "change_permission"
  }
},
{
  "model": "auth.permission",
  "pk": 6,
  "fields": {
    "name": "Can delete permission",
    "content_type": 2,
    "codename": "delete_permission"
  }
},
{
  "model": "auth.permission",
  "pk": 7,
  "fields": {
    "name": "Can add group",
    "content_type": 3,
    "codename": "add_group"
  }
},
{
  "model": "auth.permission",
  "pk": 8,
  "fields": {
    "name": "Can change group",
    "content_type": 3,
    "codename": "change_group"
  }
},
{
  "model": "auth.permission",
  "pk": 9,
  "fields": {
    "name": "Can delete group",
    "content_type": 3,
    "codename": "delete_group"
  }
},
{
  "model": "auth.permission",
  "pk": 10,
  "fields": {
    "name": "Can add user",
    "content_type": 4,
    "codename": "add_user"
  }
},
{
  "model": "auth.permission",
  "pk": 11,
  "fields": {
    "name": "Can change user",
    "content_type": 4,
    "codename": "change_user"
  }
},
{
  "model": "auth.permission",
  "pk": 12,
  "fields": {
    "name": "Can delete user",
    "content_type": 4,
    "codename": "delete_user"
  }
},
{
  "model": "auth.permission",
  "pk": 13,
  "fields": {
    "name": "Can add content type",
    "content_type": 5,
    "codename": "add_contenttype"
  }
},
{
  "model": "auth.permission",
  "pk": 14,
  "fields": {
    "name": "Can change content type",
    "content_type": 5,
    "codename": "change_contenttype"
  }
},
{
  "model": "auth.permission",
  "pk": 15,
  "fields": {
    "name": "Can delete content type",
    "content_type": 5,
    "codename": "delete_contenttype"
  }
},
{
  "model": "auth.permission",
  "pk": 16,
  "fields": {
    "name": "Can add session",
    "content_type": 6,
    "codename": "add_session"
  }
},
{
  "model": "auth.permission",
  "pk": 17,
  "fields": {
    "name": "Can change session",
    "content_type": 6,
    "codename": "change_session"
  }
},
{
  "model": "auth.permission",
  "pk": 18,
  "fields": {
    "name": "Can delete session",
    "content_type": 6,
    "codename": "delete_session"
  }
},
{
  "model": "auth.permission",
  "pk": 19,
  "fields": {
    "name": "Can add profile",
    "content_type": 7,
    "codename": "add_profile"
  }
},
{
  "model": "auth.permission",
  "pk": 20,
  "fields": {
    "name": "Can change profile",
    "content_type": 7,
    "codename": "change_profile"
  }
},
{
  "model": "auth.permission",
  "pk": 21,
  "fields": {
    "name": "Can delete profile",
    "content_type": 7,
    "codename": "delete_profile"
  }
},
{
  "model": "auth.permission",
  "pk": 22,
  "fields": {
    "name": "Can add reservation type",
    "content_type": 8,
    "codename": "add_reservationtype"
  }
},
{
  "model": "auth.permission",
  "pk": 23,
  "fields": {
    "name": "Can change reservation type",
    "content_type": 8,
    "codename": "change_reservationtype"
  }
},
{
  "model": "auth.permission",
  "pk": 24,
  "fields": {
    "name": "Can delete reservation type",
    "content_type": 8,
    "codename": "delete_reservationtype"
  }
},
{
  "model": "auth.permission",
  "pk": 25,
  "fields": {
    "name": "Can add vacancy status",
    "content_type": 9,
    "codename": "add_vacancystatus"
  }
},
{
  "model": "auth.permission",
  "pk": 26,
  "fields": {
    "name": "Can change vacancy status",
    "content_type": 9,
    "codename": "change_vacancystatus"
  }
},
{
  "model": "auth.permission",
  "pk": 27,
  "fields": {
    "name": "Can delete vacancy status",
    "content_type": 9,
    "codename": "delete_vacancystatus"
  }
},
{
  "model": "auth.permission",
  "pk": 28,
  "fields": {
    "name": "Can add space type",
    "content_type": 10,
    "codename": "add_spacetype"
  }
},
{
  "model": "auth.permission",
  "pk": 29,
  "fields": {
    "name": "Can change space type",
    "content_type": 10,
    "codename": "change_spacetype"
  }
},
{
  "model": "auth.permission",
  "pk": 30,
  "fields": {
    "name": "Can delete space type",
    "content_type": 10,
    "codename": "delete_spacetype"
  }
},
{
  "model": "auth.permission",
  "pk": 31,
  "fields": {
    "name": "Can add parking",
    "content_type": 11,
    "codename": "add_parking"
  }
},
{
  "model": "auth.permission",
  "pk": 32,
  "fields": {
    "name": "Can change parking",
    "content_type": 11,
    "codename": "change_parking"
  }
},
{
  "model": "auth.permission",
  "pk": 33,
  "fields": {
    "name": "Can delete parking",
    "content_type": 11,
    "codename": "delete_parking"
  }
},
{
  "model": "auth.permission",
  "pk": 34,
  "fields": {
    "name": "Can add building",
    "content_type": 12,
    "codename": "add_building"
  }
},
{
  "model": "auth.permission",
  "pk": 35,
  "fields": {
    "name": "Can change building",
    "content_type": 12,
    "codename": "change_building"
  }
},
{
  "model": "auth.permission",
  "pk": 36,
  "fields": {
    "name": "Can delete building",
    "content_type": 12,
    "codename": "delete_building"
  }
},
{
  "model": "auth.permission",
  "pk": 37,
  "fields": {
    "name": "Can add space",
    "content_type": 13,
    "codename": "add_space"
  }
},
{
  "model": "auth.permission",
  "pk": 38,
  "fields": {
    "name": "Can change space",
    "content_type": 13,
    "codename": "change_space"
  }
},
{
  "model": "auth.permission",
  "pk": 39,
  "fields": {
    "name": "Can delete space",
    "content_type": 13,
    "codename": "delete_space"
  }
},
{
  "model": "auth.permission",
  "pk": 40,
  "fields": {
    "name": "Can add reservation",
    "content_type": 14,
    "codename": "add_reservation"
  }
},
{
  "model": "auth.permission",
  "pk": 41,
  "fields": {
    "name": "Can change reservation",
    "content_type": 14,
    "codename": "change_reservation"
  }
},
{
  "model": "auth.permission",
  "pk": 42,
  "fields": {
    "name": "Can delete reservation",
    "content_type": 14,
    "codename": "delete_reservation"
  }
},
{
  "model": "reserve.building",
  "pk": 1,
  "fields": {
    "title": "1",
    "space_type": 10,
    "vacancy_status": 2,
    "space": "20x20",
    "parking": 4,
    "weekly_access": true,
    "price": 300,
    "deposit": 100,
    "contact_list": []
  }
},
{
  "model": "reserve.building",
  "pk": 2,
  "fields": {
    "title": "2",
    "space_type": 10,
    "vacancy_status": 2,
    "space": "20x20",
    "parking": 4,
    "weekly_access": true,
    "price": 300,
    "deposit": 100,
    "contact_list": []
  }
},
{
  "model": "reserve.building",
  "pk": 3,
  "fields": {
    "title": "3",
    "space_type": 10,
    "vacancy_status": 2,
    "space": "20x20",
    "parking": 4,
    "weekly_access": true,
    "price": 275,
    "deposit": 100,
    "contact_list": []
  }
},
{
  "model": "reserve.building",
  "pk": 4,
  "fields": {
    "title": "4",
    "space_type": 10,
    "vacancy_status": 1,
    "space": "20x20",
    "parking": 4,
    "weekly_access": true,
    "price": 300,
    "deposit": 100,
    "contact_list": []
  }
},
{
  "model": "reserve.building",
  "pk": 5,
  "fields": {
    "title": "5",
    "space_type": 10,
    "vacancy_status": 1,
    "space": "20x20",
    "parking": 4,
    "weekly_access": true,
    "price": 300,
    "deposit": 100,
    "contact_list": []
  }
},
{
  "model": "reserve.building",
  "pk": 6,
  "fields": {
    "title": "6",
    "space_type": 10,
    "vacancy_status": 1,
    "space": "20x20",
    "parking": 4,
    "weekly_access": true,
    "price": 300,
    "deposit": 100,
    "contact_list": []
  }
},
{
  "model": "reserve.building",
  "pk": 7,
  "fields": {
    "title": "7",
    "space_type": 10,
    "vacancy_status": 1,
    "space": "20x20",
    "parking": 4,
    "weekly_access": true,
    "price": 300,
    "deposit": 100,
    "contact_list": []
  }
},
{
  "model": "reserve.building",
  "pk": 8,
  "fields": {
    "title": "8",
    "space_type": 10,
    "vacancy_status": 2,
    "space": "20x20",
    "parking": 4,
    "weekly_access": true,
    "price": 300,
    "deposit": 100,
    "contact_list": []
  }
},
{
  "model": "reserve.building",
  "pk": 9,
  "fields": {
    "title": "9",
    "space_type": 10,
    "vacancy_status": 1,
    "space": "20x20",
    "parking": 4,
    "weekly_access": true,
    "price": 300,
    "deposit": 100,
    "contact_list": []
  }
},
{
  "model": "reserve.building",
  "pk": 10,
  "fields": {
    "title": "10",
    "space_type": 11,
    "vacancy_status": 1,
    "space": "20x20",
    "parking": 4,
    "weekly_access": false,
    "price": 275,
    "deposit": 100,
    "contact_list": []
  }
},
{
  "model": "reserve.building",
  "pk": 11,
  "fields": {
    "title": "11",
    "space_type": 11,
    "vacancy_status": 1,
    "space": "10x20",
    "parking": 1,
    "weekly_access": false,
    "price": 175,
    "deposit": 75,
    "contact_list": []
  }
},
{
  "model": "reserve.building",
  "pk": 12,
  "fields": {
    "title": "12",
    "space_type": 11,
    "vacancy_status": 1,
    "space": "10x20",
    "parking": 1,
    "weekly_access": false,
    "price": 175,
    "deposit": 75,
    "contact_list": []
  }
},
{
  "model": "reserve.building",
  "pk": 13,
  "fields": {
    "title": "13",
    "space_type": 11,
    "vacancy_status": 1,
    "space": "20x20",
    "parking": 4,
    "weekly_access": false,
    "price": 275,
    "deposit": 100,
    "contact_list": []
  }
},
{
  "model": "reserve.building",
  "pk": 14,
  "fields": {
    "title": "14",
    "space_type": 11,
    "vacancy_status": 2,
    "space": "10x20",
    "parking": 1,
    "weekly_access": false,
    "price": 175,
    "deposit": 75,
    "contact_list": []
  }
},
{
  "model": "reserve.building",
  "pk": 15,
  "fields": {
    "title": "15",
    "space_type": 11,
    "vacancy_status": 1,
    "space": "10x20",
    "parking": 1,
    "weekly_access": false,
    "price": 175,
    "deposit": 75,
    "contact_list": []
  }
},
{
  "model": "reserve.building",
  "pk": 16,
  "fields": {
    "title": "16",
    "space_type": 11,
    "vacancy_status": 2,
    "space": "20x20",
    "parking": 4,
    "weekly_access": false,
    "price": 275,
    "deposit": 100,
    "contact_list": []
  }
},
{
  "model": "reserve.building",
  "pk": 17,
  "fields": {
    "title": "18",
    "space_type": 11,
    "vacancy_status": 1,
    "space": "20x20",
    "parking": 4,
    "weekly_access": false,
    "price": 275,
    "deposit": 100,
    "contact_list": []
  }
},
{
  "model": "reserve.building",
  "pk": 18,
  "fields": {
    "title": "20",
    "space_type": 11,
    "vacancy_status": 1,
    "space": "10x20",
    "parking": 1,
    "weekly_access": false,
    "price": 200,
    "deposit": 75,
    "contact_list": []
  }
},
{
  "model": "reserve.building",
  "pk": 19,
  "fields": {
    "title": "21",
    "space_type": 11,
    "vacancy_status": 1,
    "space": "10x20",
    "parking": 1,
    "weekly_access": false,
    "price": 200,
    "deposit": 75,
    "contact_list": []
  }
},
{
  "model": "reserve.building",
  "pk": 20,
  "fields": {
    "title": "4a",
    "space_type": 12,
    "vacancy_status": 2,
    "space": "20x20",
    "parking": 4,
    "weekly_access": false,
    "price": 275,
    "deposit": 100,
    "contact_list": []
  }
},
{
  "model": "reserve.building",
  "pk": 21,
  "fields": {
    "title": "4c",
    "space_type": 12,
    "vacancy_status": 2,
    "space": "10x20",
    "parking": 1,
    "weekly_access": false,
    "price": 175,
    "deposit": 75,
    "contact_list": []
  }
},
{
  "model": "reserve.building",
  "pk": 22,
  "fields": {
    "title": "4d",
    "space_type": 12,
    "vacancy_status": 2,
    "space": "10x20",
    "parking": 1,
    "weekly_access": false,
    "price": 175,
    "deposit": 75,
    "contact_list": []
  }
},
{
  "model": "reserve.building",
  "pk": 23,
  "fields": {
    "title": "4e",
    "space_type": 12,
    "vacancy_status": 2,
    "space": "10x20",
    "parking": 1,
    "weekly_access": false,
    "price": 175,
    "deposit": 75,
    "contact_list": []
  }
},
{
  "model": "reserve.building",
  "pk": 24,
  "fields": {
    "title": "4f",
    "space_type": 12,
    "vacancy_status": 2,
    "space": "20x20",
    "parking": 4,
    "weekly_access": false,
    "price": 275,
    "deposit": 100,
    "contact_list": []
  }
},
{
  "model": "reserve.building",
  "pk": 25,
  "fields": {
    "title": "4g",
    "space_type": 12,
    "vacancy_status": 2,
    "space": "20x20",
    "parking": 4,
    "weekly_access": false,
    "price": 275,
    "deposit": 100,
    "contact_list": []
  }
},
{
  "model": "reserve.building",
  "pk": 26,
  "fields": {
    "title": "5a",
    "space_type": 13,
    "vacancy_status": 2,
    "space": "10x20",
    "parking": 1,
    "weekly_access": false,
    "price": 175,
    "deposit": 75,
    "contact_list": []
  }
},
{
  "model": "reserve.building",
  "pk": 27,
  "fields": {
    "title": "5b",
    "space_type": 13,
    "vacancy_status": 2,
    "space": "10x20",
    "parking": 1,
    "weekly_access": false,
    "price": 175,
    "deposit": 75,
    "contact_list": []
  }
},
{
  "model": "reserve.building",
  "pk": 28,
  "fields": {
    "title": "5d",
    "space_type": 13,
    "vacancy_status": 2,
    "space": "20x20",
    "parking": 4,
    "weekly_access": false,
    "price": 275,
    "deposit": 100,
    "contact_list": []
  }
},
{
  "model": "reserve.building",
  "pk": 29,
  "fields": {
    "title": "5e",
    "space_type": 13,
    "vacancy_status": 2,
    "space": "10x20",
    "parking": 1,
    "weekly_access": false,
    "price": 175,
    "deposit": 75,
    "contact_list": []
  }
},
{
  "model": "reserve.building",
  "pk": 30,
  "fields": {
    "title": "6a",
    "space_type": 14,
    "vacancy_status": 2,
    "space": "20x20",
    "parking": 4,
    "weekly_access": false,
    "price": 275,
    "deposit": 100,
    "contact_list": []
  }
},
{
  "model": "reserve.building",
  "pk": 31,
  "fields": {
    "title": "6c",
    "space_type": 14,
    "vacancy_status": 2,
    "space": "10x20",
    "parking": 1,
    "weekly_access": false,
    "price": 175,
    "deposit": 75,
    "contact_list": []
  }
},
{
  "model": "reserve.building",
  "pk": 32,
  "fields": {
    "title": "6d",
    "space_type": 14,
    "vacancy_status": 2,
    "space": "10x20",
    "parking": 1,
    "weekly_access": false,
    "price": 175,
    "deposit": 75,
    "contact_list": []
  }
},
{
  "model": "reserve.building",
  "pk": 33,
  "fields": {
    "title": "6e",
    "space_type": 14,
    "vacancy_status": 2,
    "space": "20x20",
    "parking": 4,
    "weekly_access": false,
    "price": 275,
    "deposit": 100,
    "contact_list": []
  }
},
{
  "model": "reserve.building",
  "pk": 34,
  "fields": {
    "title": "7a",
    "space_type": 15,
    "vacancy_status": 2,
    "space": "30x30",
    "parking": 5,
    "weekly_access": false,
    "price": 400,
    "deposit": 150,
    "contact_list": []
  }
},
{
  "model": "reserve.building",
  "pk": 35,
  "fields": {
    "title": "7b",
    "space_type": 15,
    "vacancy_status": 2,
    "space": "30x30",
    "parking": 5,
    "weekly_access": false,
    "price": 400,
    "deposit": 150,
    "contact_list": []
  }
},
{
  "model": "reserve.building",
  "pk": 36,
  "fields": {
    "title": "8a",
    "space_type": 16,
    "vacancy_status": 2,
    "space": "20x20",
    "parking": 4,
    "weekly_access": false,
    "price": 300,
    "deposit": 100,
    "contact_list": []
  }
},
{
  "model": "reserve.building",
  "pk": 37,
  "fields": {
    "title": "8b",
    "space_type": 16,
    "vacancy_status": 2,
    "space": "20x20",
    "parking": 4,
    "weekly_access": false,
    "price": 300,
    "deposit": 100,
    "contact_list": []
  }
},
{
  "model": "reserve.building",
  "pk": 38,
  "fields": {
    "title": "8c",
    "space_type": 16,
    "vacancy_status": 2,
    "space": "20x20",
    "parking": 4,
    "weekly_access": false,
    "price": 300,
    "deposit": 100,
    "contact_list": []
  }
},
{
  "model": "reserve.building",
  "pk": 39,
  "fields": {
    "title": "N1",
    "space_type": 18,
    "vacancy_status": 2,
    "space": "30x20",
    "parking": 3,
    "weekly_access": false,
    "price": 425,
    "deposit": 150,
    "contact_list": []
  }
},
{
  "model": "reserve.building",
  "pk": 40,
  "fields": {
    "title": "N8",
    "space_type": 18,
    "vacancy_status": 2,
    "space": "10x20",
    "parking": 1,
    "weekly_access": false,
    "price": 225,
    "deposit": 100,
    "contact_list": []
  }
},
{
  "model": "reserve.building",
  "pk": 41,
  "fields": {
    "title": "a21",
    "space_type": 6,
    "vacancy_status": 2,
    "space": "12x15",
    "parking": 1,
    "weekly_access": false,
    "price": 150,
    "deposit": 75,
    "contact_list": []
  }
},
{
  "model": "reserve.building",
  "pk": 42,
  "fields": {
    "title": "10a",
    "space_type": 17,
    "vacancy_status": 2,
    "space": "20x20",
    "parking": 4,
    "weekly_access": false,
    "price": 275,
    "deposit": 100,
    "contact_list": []
  }
},
{
  "model": "reserve.building",
  "pk": 43,
  "fields": {
    "title": "10c",
    "space_type": 17,
    "vacancy_status": 2,
    "space": "20x20",
    "parking": 4,
    "weekly_access": false,
    "price": 275,
    "deposit": 100,
    "contact_list": []
  }
},
{
  "model": "reserve.building",
  "pk": 44,
  "fields": {
    "title": "10e",
    "space_type": 17,
    "vacancy_status": 2,
    "space": "10x20",
    "parking": 1,
    "weekly_access": false,
    "price": 175,
    "deposit": 75,
    "contact_list": []
  }
},
{
  "model": "reserve.building",
  "pk": 45,
  "fields": {
    "title": "10f",
    "space_type": 17,
    "vacancy_status": 2,
    "space": "10x20",
    "parking": 1,
    "weekly_access": false,
    "price": 175,
    "deposit": 75,
    "contact_list": []
  }
},
{
  "model": "reserve.building",
  "pk": 46,
  "fields": {
    "title": "10h",
    "space_type": 17,
    "vacancy_status": 2,
    "space": "10x20",
    "parking": 1,
    "weekly_access": false,
    "price": 175,
    "deposit": 75,
    "contact_list": []
  }
},
{
  "model": "reserve.building",
  "pk": 47,
  "fields": {
    "title": "10i",
    "space_type": 17,
    "vacancy_status": 2,
    "space": "10x20",
    "parking": 1,
    "weekly_access": false,
    "price": 175,
    "deposit": 75,
    "contact_list": []
  }
},
{
  "model": "reserve.building",
  "pk": 48,
  "fields": {
    "title": "D3",
    "space_type": 19,
    "vacancy_status": 2,
    "space": "15x30",
    "parking": 4,
    "weekly_access": false,
    "price": 375,
    "deposit": 100,
    "contact_list": []
  }
},
{
  "model": "reserve.building",
  "pk": 49,
  "fields": {
    "title": "D4",
    "space_type": 19,
    "vacancy_status": 2,
    "space": "10x20",
    "parking": 1,
    "weekly_access": false,
    "price": 175,
    "deposit": 75,
    "contact_list": []
  }
},
{
  "model": "reserve.building",
  "pk": 50,
  "fields": {
    "title": "D5",
    "space_type": 19,
    "vacancy_status": 2,
    "space": "10x20",
    "parking": 1,
    "weekly_access": false,
    "price": 225,
    "deposit": 100,
    "contact_list": []
  }
},
{
  "model": "reserve.building",
  "pk": 51,
  "fields": {
    "title": "D8",
    "space_type": 19,
    "vacancy_status": 2,
    "space": "20x30",
    "parking": 4,
    "weekly_access": false,
    "price": 325,
    "deposit": 100,
    "contact_list": []
  }
},
{
  "model": "reserve.building",
  "pk": 52,
  "fields": {
    "title": "D9",
    "space_type": 19,
    "vacancy_status": 2,
    "space": "20x30",
    "parking": 1,
    "weekly_access": false,
    "price": 425,
    "deposit": 150,
    "contact_list": []
  }
},
{
  "model": "reserve.building",
  "pk": 53,
  "fields": {
    "title": "D10",
    "space_type": 19,
    "vacancy_status": 2,
    "space": "10x20",
    "parking": 1,
    "weekly_access": false,
    "price": 175,
    "deposit": 75,
    "contact_list": []
  }
},
{
  "model": "reserve.building",
  "pk": 54,
  "fields": {
    "title": "D11",
    "space_type": 19,
    "vacancy_status": 2,
    "space": "10x20",
    "parking": 1,
    "weekly_access": false,
    "price": 175,
    "deposit": 75,
    "contact_list": []
  }
},
{
  "model": "reserve.building",
  "pk": 55,
  "fields": {
    "title": "D12",
    "space_type": 19,
    "vacancy_status": 2,
    "space": "20x24",
    "parking": 1,
    "weekly_access": false,
    "price": 300,
    "deposit": 100,
    "contact_list": []
  }
},
{
  "model": "reserve.building",
  "pk": 56,
  "fields": {
    "title": "D13",
    "space_type": 19,
    "vacancy_status": 2,
    "space": "10x20",
    "parking": 1,
    "weekly_access": false,
    "price": 225,
    "deposit": 100,
    "contact_list": []
  }
},
{
  "model": "reserve.building",
  "pk": 57,
  "fields": {
    "title": "D14",
    "space_type": 19,
    "vacancy_status": 2,
    "space": "10x20",
    "parking": 1,
    "weekly_access": false,
    "price": 225,
    "deposit": 100,
    "contact_list": []
  }
},
{
  "model": "reserve.building",
  "pk": 58,
  "fields": {
    "title": "D15",
    "space_type": 19,
    "vacancy_status": 2,
    "space": "20x20",
    "parking": 1,
    "weekly_access": false,
    "price": 300,
    "deposit": 100,
    "contact_list": []
  }
},
{
  "model": "reserve.building",
  "pk": 59,
  "fields": {
    "title": "D16",
    "space_type": 19,
    "vacancy_status": 2,
    "space": "10x20",
    "parking": 1,
    "weekly_access": false,
    "price": 200,
    "deposit": 75,
    "contact_list": []
  }
},
{
  "model": "reserve.building",
  "pk": 60,
  "fields": {
    "title": "D17",
    "space_type": 19,
    "vacancy_status": 2,
    "space": "10x20",
    "parking": 1,
    "weekly_access": false,
    "price": 200,
    "deposit": 75,
    "contact_list": []
  }
},
{
  "model": "reserve.building",
  "pk": 61,
  "fields": {
    "title": "D18",
    "space_type": 19,
    "vacancy_status": 2,
    "space": "20x20",
    "parking": 1,
    "weekly_access": false,
    "price": 300,
    "deposit": 100,
    "contact_list": []
  }
},
{
  "model": "reserve.building",
  "pk": 62,
  "fields": {
    "title": "B1",
    "space_type": 20,
    "vacancy_status": 2,
    "space": "20x20",
    "parking": 1,
    "weekly_access": false,
    "price": 275,
    "deposit": 100,
    "contact_list": []
  }
},
{
  "model": "reserve.building",
  "pk": 63,
  "fields": {
    "title": "B2",
    "space_type": 20,
    "vacancy_status": 2,
    "space": "20x20",
    "parking": 1,
    "weekly_access": false,
    "price": 325,
    "deposit": 100,
    "contact_list": []
  }
},
{
  "model": "reserve.building",
  "pk": 64,
  "fields": {
    "title": "B3",
    "space_type": 20,
    "vacancy_status": 2,
    "space": "20x24",
    "parking": 4,
    "weekly_access": true,
    "price": 325,
    "deposit": 100,
    "contact_list": []
  }
},
{
  "model": "reserve.building",
  "pk": 65,
  "fields": {
    "title": "B4",
    "space_type": 20,
    "vacancy_status": 2,
    "space": "20x24",
    "parking": 4,
    "weekly_access": true,
    "price": 325,
    "deposit": 100,
    "contact_list": []
  }
},
{
  "model": "reserve.building",
  "pk": 66,
  "fields": {
    "title": "B5",
    "space_type": 20,
    "vacancy_status": 2,
    "space": "20x24",
    "parking": 4,
    "weekly_access": true,
    "price": 325,
    "deposit": 100,
    "contact_list": []
  }
},
{
  "model": "reserve.building",
  "pk": 67,
  "fields": {
    "title": "B6",
    "space_type": 20,
    "vacancy_status": 2,
    "space": "20x24",
    "parking": 4,
    "weekly_access": true,
    "price": 325,
    "deposit": 100,
    "contact_list": []
  }
},
{
  "model": "reserve.building",
  "pk": 68,
  "fields": {
    "title": "B7",
    "space_type": 20,
    "vacancy_status": 2,
    "space": "20x34",
    "parking": 4,
    "weekly_access": true,
    "price": 375,
    "deposit": 100,
    "contact_list": []
  }
},
{
  "model": "reserve.building",
  "pk": 69,
  "fields": {
    "title": "B8",
    "space_type": 20,
    "vacancy_status": 2,
    "space": "20x24",
    "parking": 4,
    "weekly_access": true,
    "price": 325,
    "deposit": 100,
    "contact_list": []
  }
},
{
  "model": "reserve.building",
  "pk": 70,
  "fields": {
    "title": "B9",
    "space_type": 20,
    "vacancy_status": 2,
    "space": "20x24",
    "parking": 4,
    "weekly_access": true,
    "price": 325,
    "deposit": 100,
    "contact_list": []
  }
},
{
  "model": "reserve.building",
  "pk": 71,
  "fields": {
    "title": "B10",
    "space_type": 20,
    "vacancy_status": 2,
    "space": "20x24",
    "parking": 4,
    "weekly_access": true,
    "price": 325,
    "deposit": 100,
    "contact_list": []
  }
},
{
  "model": "reserve.building",
  "pk": 72,
  "fields": {
    "title": "B11",
    "space_type": 20,
    "vacancy_status": 2,
    "space": "20x24",
    "parking": 4,
    "weekly_access": true,
    "price": 325,
    "deposit": 100,
    "contact_list": []
  }
},
{
  "model": "reserve.building",
  "pk": 73,
  "fields": {
    "title": "C1",
    "space_type": 21,
    "vacancy_status": 2,
    "space": "48x20",
    "parking": 5,
    "weekly_access": true,
    "price": 525,
    "deposit": 150,
    "contact_list": []
  }
},
{
  "model": "reserve.building",
  "pk": 74,
  "fields": {
    "title": "C2",
    "space_type": 21,
    "vacancy_status": 2,
    "space": "48x20",
    "parking": 4,
    "weekly_access": true,
    "price": 525,
    "deposit": 150,
    "contact_list": []
  }
},
{
  "model": "reserve.building",
  "pk": 75,
  "fields": {
    "title": "C3",
    "space_type": 21,
    "vacancy_status": 2,
    "space": "48x20",
    "parking": 4,
    "weekly_access": true,
    "price": 525,
    "deposit": 150,
    "contact_list": []
  }
},
{
  "model": "reserve.building",
  "pk": 76,
  "fields": {
    "title": "C4",
    "space_type": 21,
    "vacancy_status": 2,
    "space": "24x36",
    "parking": 4,
    "weekly_access": false,
    "price": 425,
    "deposit": 150,
    "contact_list": []
  }
},
{
  "model": "reserve.building",
  "pk": 77,
  "fields": {
    "title": "CB1",
    "space_type": 22,
    "vacancy_status": 2,
    "space": "20x20",
    "parking": 1,
    "weekly_access": true,
    "price": 300,
    "deposit": 100,
    "contact_list": []
  }
},
{
  "model": "reserve.building",
  "pk": 78,
  "fields": {
    "title": "CB2",
    "space_type": 22,
    "vacancy_status": 2,
    "space": "20x20",
    "parking": 1,
    "weekly_access": true,
    "price": 300,
    "deposit": 100,
    "contact_list": []
  }
},
{
  "model": "reserve.building",
  "pk": 79,
  "fields": {
    "title": "CB3",
    "space_type": 22,
    "vacancy_status": 2,
    "space": "20x20",
    "parking": 1,
    "weekly_access": true,
    "price": 300,
    "deposit": 100,
    "contact_list": []
  }
},
{
  "model": "reserve.building",
  "pk": 80,
  "fields": {
    "title": "N4",
    "space_type": 18,
    "vacancy_status": 2,
    "space": "30x30",
    "parking": 3,
    "weekly_access": false,
    "price": 400,
    "deposit": 150,
    "contact_list": []
  }
},
{
  "model": "reserve.building",
  "pk": 81,
  "fields": {
    "title": "N20",
    "space_type": 18,
    "vacancy_status": 2,
    "space": "20x40",
    "parking": 4,
    "weekly_access": true,
    "price": 525,
    "deposit": 150,
    "contact_list": []
  }
},
{
  "model": "reserve.space",
  "pk": 1,
  "fields": {
    "title": "125",
    "space_type": 1,
    "tables": 2,
    "space": "10x10",
    "parking": 1,
    "price": 12,
    "likes": [],
    "dislikes": []
  }
},
{
  "model": "reserve.space",
  "pk": 2,
  "fields": {
    "title": "126",
    "space_type": 1,
    "tables": 2,
    "space": "10x10",
    "parking": 1,
    "price": 12,
    "likes": [],
    "dislikes": []
  }
},
{
  "model": "reserve.space",
  "pk": 3,
  "fields": {
    "title": "127",
    "space_type": 1,
    "tables": 2,
    "space": "10x10",
    "parking": 1,
    "price": 12,
    "likes": [],
    "dislikes": []
  }
},
{
  "model": "reserve.space",
  "pk": 4,
  "fields": {
    "title": "128",
    "space_type": 1,
    "tables": 2,
    "space": "10x10",
    "parking": 1,
    "price": 12,
    "likes": [],
    "dislikes": []
  }
},
{
  "model": "reserve.space",
  "pk": 5,
  "fields": {
    "title": "129",
    "space_type": 1,
    "tables": 2,
    "space": "10x10",
    "parking": 1,
    "price": 12,
    "likes": [],
    "dislikes": []
  }
},
{
  "model": "reserve.space",
  "pk": 6,
  "fields": {
    "title": "130",
    "space_type": 1,
    "tables": 2,
    "space": "10x10",
    "parking": 1,
    "price": 12,
    "likes": [],
    "dislikes": []
  }
},
{
  "model": "reserve.space",
  "pk": 7,
  "fields": {
    "title": "131",
    "space_type": 1,
    "tables": 2,
    "space": "10x10",
    "parking": 1,
    "price": 12,
    "likes": [],
    "dislikes": []
  }
},
{
  "model": "reserve.space",
  "pk": 8,
  "fields": {
    "title": "132",
    "space_type": 1,
    "tables": 2,
    "space": "10x10",
    "parking": 1,
    "price": 12,
    "likes": [],
    "dislikes": []
  }
},
{
  "model": "reserve.space",
  "pk": 9,
  "fields": {
    "title": "133",
    "space_type": 1,
    "tables": 2,
    "space": "10x10",
    "parking": 1,
    "price": 12,
    "likes": [],
    "dislikes": []
  }
},
{
  "model": "reserve.space",
  "pk": 10,
  "fields": {
    "title": "134",
    "space_type": 1,
    "tables": 2,
    "space": "10x10",
    "parking": 1,
    "price": 12,
    "likes": [],
    "dislikes": []
  }
},
{
  "model": "reserve.space",
  "pk": 11,
  "fields": {
    "title": "135",
    "space_type": 1,
    "tables": 2,
    "space": "10x10",
    "parking": 1,
    "price": 12,
    "likes": [],
    "dislikes": []
  }
},
{
  "model": "reserve.space",
  "pk": 12,
  "fields": {
    "title": "136",
    "space_type": 1,
    "tables": 2,
    "space": "10x10",
    "parking": 1,
    "price": 12,
    "likes": [],
    "dislikes": []
  }
},
{
  "model": "reserve.space",
  "pk": 13,
  "fields": {
    "title": "9a",
    "space_type": 1,
    "tables": 2,
    "space": "10x10",
    "parking": 1,
    "price": 12,
    "likes": [],
    "dislikes": []
  }
},
{
  "model": "reserve.space",
  "pk": 14,
  "fields": {
    "title": "9b",
    "space_type": 1,
    "tables": 2,
    "space": "10x10",
    "parking": 1,
    "price": 12,
    "likes": [],
    "dislikes": []
  }
},
{
  "model": "reserve.space",
  "pk": 15,
  "fields": {
    "title": "9c",
    "space_type": 1,
    "tables": 2,
    "space": "10x10",
    "parking": 1,
    "price": 12,
    "likes": [],
    "dislikes": []
  }
},
{
  "model": "reserve.space",
  "pk": 16,
  "fields": {
    "title": "9d",
    "space_type": 1,
    "tables": 2,
    "space": "10x10",
    "parking": 1,
    "price": 12,
    "likes": [],
    "dislikes": []
  }
},
{
  "model": "reserve.space",
  "pk": 17,
  "fields": {
    "title": "9e",
    "space_type": 1,
    "tables": 2,
    "space": "10x10",
    "parking": 1,
    "price": 12,
    "likes": [],
    "dislikes": []
  }
},
{
  "model": "reserve.space",
  "pk": 18,
  "fields": {
    "title": "9f",
    "space_type": 1,
    "tables": 2,
    "space": "10x10",
    "parking": 1,
    "price": 12,
    "likes": [],
    "dislikes": []
  }
},
{
  "model": "reserve.space",
  "pk": 19,
  "fields": {
    "title": "9g",
    "space_type": 1,
    "tables": 2,
    "space": "10x10",
    "parking": 1,
    "price": 12,
    "likes": [],
    "dislikes": []
  }
},
{
  "model": "reserve.space",
  "pk": 20,
  "fields": {
    "title": "9h",
    "space_type": 1,
    "tables": 2,
    "space": "10x10",
    "parking": 1,
    "price": 12,
    "likes": [],
    "dislikes": []
  }
},
{
  "model": "reserve.space",
  "pk": 21,
  "fields": {
    "title": "149",
    "space_type": 2,
    "tables": 2,
    "space": "10x10",
    "parking": 1,
    "price": 12,
    "likes": [],
    "dislikes": []
  }
},
{
  "model": "reserve.space",
  "pk": 22,
  "fields": {
    "title": "150",
    "space_type": 2,
    "tables": 2,
    "space": "10x10",
    "parking": 1,
    "price": 12,
    "likes": [],
    "dislikes": []
  }
},
{
  "model": "reserve.space",
  "pk": 23,
  "fields": {
    "title": "151",
    "space_type": 2,
    "tables": 2,
    "space": "10x10",
    "parking": 1,
    "price": 12,
    "likes": [],
    "dislikes": []
  }
},
{
  "model": "reserve.space",
  "pk": 24,
  "fields": {
    "title": "152",
    "space_type": 2,
    "tables": 2,
    "space": "10x10",
    "parking": 1,
    "price": 12,
    "likes": [],
    "dislikes": []
  }
},
{
  "model": "reserve.space",
  "pk": 25,
  "fields": {
    "title": "153",
    "space_type": 2,
    "tables": 2,
    "space": "10x10",
    "parking": 1,
    "price": 12,
    "likes": [],
    "dislikes": []
  }
},
{
  "model": "reserve.space",
  "pk": 26,
  "fields": {
    "title": "154",
    "space_type": 2,
    "tables": 2,
    "space": "10x10",
    "parking": 1,
    "price": 12,
    "likes": [],
    "dislikes": []
  }
},
{
  "model": "reserve.space",
  "pk": 27,
  "fields": {
    "title": "155",
    "space_type": 2,
    "tables": 2,
    "space": "10x10",
    "parking": 1,
    "price": 12,
    "likes": [],
    "dislikes": []
  }
},
{
  "model": "reserve.space",
  "pk": 28,
  "fields": {
    "title": "156",
    "space_type": 2,
    "tables": 2,
    "space": "10x10",
    "parking": 1,
    "price": 12,
    "likes": [],
    "dislikes": []
  }
},
{
  "model": "reserve.space",
  "pk": 29,
  "fields": {
    "title": "157",
    "space_type": 2,
    "tables": 2,
    "space": "10x10",
    "parking": 1,
    "price": 12,
    "likes": [],
    "dislikes": []
  }
},
{
  "model": "reserve.space",
  "pk": 30,
  "fields": {
    "title": "158",
    "space_type": 2,
    "tables": 2,
    "space": "10x10",
    "parking": 1,
    "price": 12,
    "likes": [],
    "dislikes": []
  }
},
{
  "model": "reserve.space",
  "pk": 31,
  "fields": {
    "title": "159",
    "space_type": 2,
    "tables": 2,
    "space": "10x10",
    "parking": 1,
    "price": 12,
    "likes": [],
    "dislikes": []
  }
},
{
  "model": "reserve.space",
  "pk": 32,
  "fields": {
    "title": "160",
    "space_type": 2,
    "tables": 2,
    "space": "10x10",
    "parking": 1,
    "price": 12,
    "likes": [],
    "dislikes": []
  }
},
{
  "model": "reserve.space",
  "pk": 33,
  "fields": {
    "title": "11a",
    "space_type": 2,
    "tables": 2,
    "space": "10x10",
    "parking": 1,
    "price": 12,
    "likes": [],
    "dislikes": []
  }
},
{
  "model": "reserve.space",
  "pk": 34,
  "fields": {
    "title": "11b",
    "space_type": 2,
    "tables": 2,
    "space": "10x10",
    "parking": 1,
    "price": 12,
    "likes": [],
    "dislikes": []
  }
},
{
  "model": "reserve.space",
  "pk": 35,
  "fields": {
    "title": "11c",
    "space_type": 2,
    "tables": 2,
    "space": "10x10",
    "parking": 1,
    "price": 12,
    "likes": [],
    "dislikes": []
  }
},
{
  "model": "reserve.space",
  "pk": 36,
  "fields": {
    "title": "11d",
    "space_type": 2,
    "tables": 2,
    "space": "10x10",
    "parking": 1,
    "price": 12,
    "likes": [],
    "dislikes": []
  }
},
{
  "model": "reserve.space",
  "pk": 37,
  "fields": {
    "title": "11e",
    "space_type": 2,
    "tables": 2,
    "space": "10x10",
    "parking": 1,
    "price": 12,
    "likes": [],
    "dislikes": []
  }
},
{
  "model": "reserve.space",
  "pk": 38,
  "fields": {
    "title": "11f",
    "space_type": 2,
    "tables": 2,
    "space": "10x10",
    "parking": 1,
    "price": 12,
    "likes": [],
    "dislikes": []
  }
},
{
  "model": "reserve.space",
  "pk": 39,
  "fields": {
    "title": "11g",
    "space_type": 2,
    "tables": 2,
    "space": "10x10",
    "parking": 1,
    "price": 12,
    "likes": [],
    "dislikes": []
  }
},
{
  "model": "reserve.space",
  "pk": 40,
  "fields": {
    "title": "11h",
    "space_type": 2,
    "tables": 2,
    "space": "10x10",
    "parking": 1,
    "price": 12,
    "likes": [],
    "dislikes": []
  }
},
{
  "model": "reserve.space",
  "pk": 41,
  "fields": {
    "title": "161",
    "space_type": 3,
    "tables": 2,
    "space": "10x10",
    "parking": 1,
    "price": 12,
    "likes": [],
    "dislikes": []
  }
},
{
  "model": "reserve.space",
  "pk": 42,
  "fields": {
    "title": "162",
    "space_type": 3,
    "tables": 2,
    "space": "10x10",
    "parking": 1,
    "price": 12,
    "likes": [],
    "dislikes": []
  }
},
{
  "model": "reserve.space",
  "pk": 43,
  "fields": {
    "title": "163",
    "space_type": 3,
    "tables": 2,
    "space": "10x10",
    "parking": 1,
    "price": 12,
    "likes": [],
    "dislikes": []
  }
},
{
  "model": "reserve.space",
  "pk": 44,
  "fields": {
    "title": "164",
    "space_type": 3,
    "tables": 2,
    "space": "10x10",
    "parking": 1,
    "price": 12,
    "likes": [],
    "dislikes": []
  }
},
{
  "model": "reserve.space",
  "pk": 45,
  "fields": {
    "title": "165",
    "space_type": 3,
    "tables": 2,
    "space": "10x10",
    "parking": 1,
    "price": 12,
    "likes": [],
    "dislikes": []
  }
},
{
  "model": "reserve.space",
  "pk": 46,
  "fields": {
    "title": "166",
    "space_type": 3,
    "tables": 2,
    "space": "10x10",
    "parking": 1,
    "price": 12,
    "likes": [],
    "dislikes": []
  }
},
{
  "model": "reserve.space",
  "pk": 47,
  "fields": {
    "title": "167",
    "space_type": 3,
    "tables": 2,
    "space": "10x10",
    "parking": 1,
    "price": 12,
    "likes": [],
    "dislikes": []
  }
},
{
  "model": "reserve.space",
  "pk": 48,
  "fields": {
    "title": "168",
    "space_type": 3,
    "tables": 2,
    "space": "10x10",
    "parking": 1,
    "price": 12,
    "likes": [],
    "dislikes": []
  }
},
{
  "model": "reserve.space",
  "pk": 49,
  "fields": {
    "title": "169",
    "space_type": 3,
    "tables": 2,
    "space": "10x10",
    "parking": 1,
    "price": 12,
    "likes": [],
    "dislikes": []
  }
},
{
  "model": "reserve.space",
  "pk": 50,
  "fields": {
    "title": "170",
    "space_type": 3,
    "tables": 2,
    "space": "10x10",
    "parking": 1,
    "price": 12,
    "likes": [],
    "dislikes": []
  }
},
{
  "model": "reserve.space",
  "pk": 51,
  "fields": {
    "title": "171",
    "space_type": 3,
    "tables": 2,
    "space": "10x10",
    "parking": 1,
    "price": 12,
    "likes": [],
    "dislikes": []
  }
},
{
  "model": "reserve.space",
  "pk": 52,
  "fields": {
    "title": "172",
    "space_type": 3,
    "tables": 2,
    "space": "10x10",
    "parking": 1,
    "price": 12,
    "likes": [],
    "dislikes": []
  }
},
{
  "model": "reserve.space",
  "pk": 53,
  "fields": {
    "title": "173",
    "space_type": 3,
    "tables": 2,
    "space": "10x10",
    "parking": 1,
    "price": 12,
    "likes": [],
    "dislikes": []
  }
},
{
  "model": "reserve.space",
  "pk": 54,
  "fields": {
    "title": "174",
    "space_type": 3,
    "tables": 2,
    "space": "10x10",
    "parking": 1,
    "price": 12,
    "likes": [],
    "dislikes": []
  }
},
{
  "model": "reserve.space",
  "pk": 55,
  "fields": {
    "title": "175",
    "space_type": 3,
    "tables": 2,
    "space": "10x10",
    "parking": 1,
    "price": 12,
    "likes": [],
    "dislikes": []
  }
},
{
  "model": "reserve.space",
  "pk": 56,
  "fields": {
    "title": "176",
    "space_type": 3,
    "tables": 2,
    "space": "10x10",
    "parking": 1,
    "price": 12,
    "likes": [],
    "dislikes": []
  }
},
{
  "model": "reserve.space",
  "pk": 57,
  "fields": {
    "title": "177",
    "space_type": 3,
    "tables": 2,
    "space": "10x10",
    "parking": 1,
    "price": 12,
    "likes": [],
    "dislikes": []
  }
},
{
  "model": "reserve.space",
  "pk": 58,
  "fields": {
    "title": "178",
    "space_type": 3,
    "tables": 2,
    "space": "10x10",
    "parking": 1,
    "price": 12,
    "likes": [],
    "dislikes": []
  }
},
{
  "model": "reserve.space",
  "pk": 59,
  "fields": {
    "title": "179",
    "space_type": 3,
    "tables": 2,
    "space": "10x10",
    "parking": 1,
    "price": 12,
    "likes": [],
    "dislikes": []
  }
},
{
  "model": "reserve.space",
  "pk": 60,
  "fields": {
    "title": "180",
    "space_type": 3,
    "tables": 2,
    "space": "10x10",
    "parking": 1,
    "price": 12,
    "likes": [],
    "dislikes": []
  }
},
{
  "model": "reserve.space",
  "pk": 61,
  "fields": {
    "title": "181",
    "space_type": 4,
    "tables": 2,
    "space": "10x10",
    "parking": 1,
    "price": 12,
    "likes": [],
    "dislikes": []
  }
},
{
  "model": "reserve.space",
  "pk": 62,
  "fields": {
    "title": "182",
    "space_type": 4,
    "tables": 2,
    "space": "10x10",
    "parking": 1,
    "price": 12,
    "likes": [],
    "dislikes": []
  }
},
{
  "model": "reserve.space",
  "pk": 63,
  "fields": {
    "title": "183",
    "space_type": 4,
    "tables": 2,
    "space": "10x10",
    "parking": 1,
    "price": 12,
    "likes": [],
    "dislikes": []
  }
},
{
  "model": "reserve.space",
  "pk": 64,
  "fields": {
    "title": "184",
    "space_type": 4,
    "tables": 2,
    "space": "10x10",
    "parking": 1,
    "price": 12,
    "likes": [],
    "dislikes": []
  }
},
{
  "model": "reserve.space",
  "pk": 65,
  "fields": {
    "title": "185",
    "space_type": 4,
    "tables": 2,
    "space": "10x10",
    "parking": 1,
    "price": 12,
    "likes": [],
    "dislikes": []
  }
},
{
  "model": "reserve.space",
  "pk": 66,
  "fields": {
    "title": "186",
    "space_type": 4,
    "tables": 2,
    "space": "10x10",
    "parking": 1,
    "price": 12,
    "likes": [],
    "dislikes": []
  }
},
{
  "model": "reserve.space",
  "pk": 67,
  "fields": {
    "title": "187",
    "space_type": 4,
    "tables": 2,
    "space": "10x10",
    "parking": 1,
    "price": 12,
    "likes": [],
    "dislikes": []
  }
},
{
  "model": "reserve.space",
  "pk": 68,
  "fields": {
    "title": "188",
    "space_type": 4,
    "tables": 2,
    "space": "10x10",
    "parking": 1,
    "price": 12,
    "likes": [],
    "dislikes": []
  }
},
{
  "model": "reserve.space",
  "pk": 69,
  "fields": {
    "title": "189",
    "space_type": 4,
    "tables": 2,
    "space": "10x10",
    "parking": 1,
    "price": 12,
    "likes": [],
    "dislikes": []
  }
},
{
  "model": "reserve.space",
  "pk": 70,
  "fields": {
    "title": "190",
    "space_type": 4,
    "tables": 2,
    "space": "10x10",
    "parking": 1,
    "price": 12,
    "likes": [],
    "dislikes": []
  }
},
{
  "model": "reserve.space",
  "pk": 71,
  "fields": {
    "title": "191",
    "space_type": 4,
    "tables": 2,
    "space": "10x10",
    "parking": 1,
    "price": 12,
    "likes": [],
    "dislikes": []
  }
},
{
  "model": "reserve.space",
  "pk": 72,
  "fields": {
    "title": "192",
    "space_type": 4,
    "tables": 2,
    "space": "10x10",
    "parking": 1,
    "price": 12,
    "likes": [],
    "dislikes": []
  }
},
{
  "model": "reserve.space",
  "pk": 73,
  "fields": {
    "title": "193",
    "space_type": 4,
    "tables": 2,
    "space": "10x10",
    "parking": 1,
    "price": 12,
    "likes": [],
    "dislikes": []
  }
},
{
  "model": "reserve.space",
  "pk": 74,
  "fields": {
    "title": "194",
    "space_type": 4,
    "tables": 2,
    "space": "10x10",
    "parking": 1,
    "price": 12,
    "likes": [],
    "dislikes": []
  }
},
{
  "model": "reserve.space",
  "pk": 75,
  "fields": {
    "title": "195",
    "space_type": 4,
    "tables": 2,
    "space": "10x10",
    "parking": 1,
    "price": 12,
    "likes": [],
    "dislikes": []
  }
},
{
  "model": "reserve.space",
  "pk": 76,
  "fields": {
    "title": "196",
    "space_type": 4,
    "tables": 2,
    "space": "10x10",
    "parking": 1,
    "price": 12,
    "likes": [],
    "dislikes": []
  }
},
{
  "model": "reserve.space",
  "pk": 77,
  "fields": {
    "title": "197",
    "space_type": 4,
    "tables": 2,
    "space": "10x10",
    "parking": 1,
    "price": 12,
    "likes": [],
    "dislikes": []
  }
},
{
  "model": "reserve.space",
  "pk": 78,
  "fields": {
    "title": "198",
    "space_type": 4,
    "tables": 2,
    "space": "10x10",
    "parking": 1,
    "price": 12,
    "likes": [],
    "dislikes": []
  }
},
{
  "model": "reserve.space",
  "pk": 79,
  "fields": {
    "title": "199",
    "space_type": 4,
    "tables": 2,
    "space": "10x10",
    "parking": 1,
    "price": 12,
    "likes": [],
    "dislikes": []
  }
},
{
  "model": "reserve.space",
  "pk": 80,
  "fields": {
    "title": "200",
    "space_type": 4,
    "tables": 2,
    "space": "10x10",
    "parking": 1,
    "price": 12,
    "likes": [],
    "dislikes": []
  }
},
{
  "model": "reserve.space",
  "pk": 81,
  "fields": {
    "title": "213",
    "space_type": 5,
    "tables": 2,
    "space": "10x10",
    "parking": 1,
    "price": 12,
    "likes": [],
    "dislikes": []
  }
},
{
  "model": "reserve.space",
  "pk": 82,
  "fields": {
    "title": "214",
    "space_type": 5,
    "tables": 2,
    "space": "10x10",
    "parking": 1,
    "price": 12,
    "likes": [],
    "dislikes": []
  }
},
{
  "model": "reserve.space",
  "pk": 83,
  "fields": {
    "title": "215",
    "space_type": 5,
    "tables": 2,
    "space": "10x10",
    "parking": 1,
    "price": 12,
    "likes": [],
    "dislikes": []
  }
},
{
  "model": "reserve.space",
  "pk": 84,
  "fields": {
    "title": "216",
    "space_type": 5,
    "tables": 2,
    "space": "10x10",
    "parking": 1,
    "price": 12,
    "likes": [],
    "dislikes": []
  }
},
{
  "model": "reserve.space",
  "pk": 85,
  "fields": {
    "title": "217",
    "space_type": 5,
    "tables": 2,
    "space": "10x10",
    "parking": 1,
    "price": 12,
    "likes": [],
    "dislikes": []
  }
},
{
  "model": "reserve.space",
  "pk": 86,
  "fields": {
    "title": "218",
    "space_type": 5,
    "tables": 2,
    "space": "10x10",
    "parking": 1,
    "price": 12,
    "likes": [],
    "dislikes": []
  }
},
{
  "model": "reserve.space",
  "pk": 87,
  "fields": {
    "title": "219",
    "space_type": 5,
    "tables": 2,
    "space": "10x10",
    "parking": 1,
    "price": 12,
    "likes": [],
    "dislikes": []
  }
},
{
  "model": "reserve.space",
  "pk": 88,
  "fields": {
    "title": "220",
    "space_type": 5,
    "tables": 2,
    "space": "10x10",
    "parking": 1,
    "price": 12,
    "likes": [],
    "dislikes": []
  }
},
{
  "model": "reserve.space",
  "pk": 89,
  "fields": {
    "title": "221",
    "space_type": 5,
    "tables": 2,
    "space": "10x10",
    "parking": 1,
    "price": 12,
    "likes": [],
    "dislikes": []
  }
},
{
  "model": "reserve.space",
  "pk": 90,
  "fields": {
    "title": "222",
    "space_type": 5,
    "tables": 2,
    "space": "10x10",
    "parking": 1,
    "price": 12,
    "likes": [],
    "dislikes": []
  }
},
{
  "model": "reserve.space",
  "pk": 91,
  "fields": {
    "title": "223",
    "space_type": 5,
    "tables": 2,
    "space": "10x10",
    "parking": 1,
    "price": 12,
    "likes": [],
    "dislikes": []
  }
},
{
  "model": "reserve.space",
  "pk": 92,
  "fields": {
    "title": "224",
    "space_type": 5,
    "tables": 2,
    "space": "10x10",
    "parking": 1,
    "price": 12,
    "likes": [],
    "dislikes": []
  }
},
{
  "model": "reserve.space",
  "pk": 93,
  "fields": {
    "title": "225",
    "space_type": 5,
    "tables": 2,
    "space": "10x10",
    "parking": 1,
    "price": 12,
    "likes": [],
    "dislikes": []
  }
},
{
  "model": "reserve.space",
  "pk": 94,
  "fields": {
    "title": "226",
    "space_type": 5,
    "tables": 2,
    "space": "10x10",
    "parking": 1,
    "price": 12,
    "likes": [],
    "dislikes": []
  }
},
{
  "model": "reserve.space",
  "pk": 95,
  "fields": {
    "title": "227",
    "space_type": 5,
    "tables": 2,
    "space": "10x10",
    "parking": 1,
    "price": 12,
    "likes": [],
    "dislikes": []
  }
},
{
  "model": "reserve.space",
  "pk": 96,
  "fields": {
    "title": "228",
    "space_type": 5,
    "tables": 2,
    "space": "10x10",
    "parking": 1,
    "price": 12,
    "likes": [],
    "dislikes": []
  }
},
{
  "model": "reserve.space",
  "pk": 97,
  "fields": {
    "title": "16a",
    "space_type": 5,
    "tables": 2,
    "space": "10x10",
    "parking": 1,
    "price": 12,
    "likes": [],
    "dislikes": []
  }
},
{
  "model": "reserve.space",
  "pk": 98,
  "fields": {
    "title": "16b",
    "space_type": 5,
    "tables": 2,
    "space": "10x10",
    "parking": 1,
    "price": 12,
    "likes": [],
    "dislikes": []
  }
},
{
  "model": "reserve.space",
  "pk": 99,
  "fields": {
    "title": "16c",
    "space_type": 5,
    "tables": 2,
    "space": "10x10",
    "parking": 1,
    "price": 12,
    "likes": [],
    "dislikes": []
  }
},
{
  "model": "reserve.space",
  "pk": 100,
  "fields": {
    "title": "16d",
    "space_type": 5,
    "tables": 2,
    "space": "10x10",
    "parking": 1,
    "price": 12,
    "likes": [],
    "dislikes": []
  }
},
{
  "model": "reserve.space",
  "pk": 101,
  "fields": {
    "title": "N2",
    "space_type": 7,
    "tables": 0,
    "space": "20x20",
    "parking": 2,
    "price": 15,
    "likes": [],
    "dislikes": []
  }
},
{
  "model": "reserve.space",
  "pk": 102,
  "fields": {
    "title": "N3",
    "space_type": 7,
    "tables": 0,
    "space": "20x20",
    "parking": 2,
    "price": 15,
    "likes": [],
    "dislikes": []
  }
},
{
  "model": "reserve.space",
  "pk": 103,
  "fields": {
    "title": "N5",
    "space_type": 7,
    "tables": 0,
    "space": "20x20",
    "parking": 2,
    "price": 15,
    "likes": [],
    "dislikes": []
  }
},
{
  "model": "reserve.space",
  "pk": 104,
  "fields": {
    "title": "N6",
    "space_type": 7,
    "tables": 0,
    "space": "20x20",
    "parking": 2,
    "price": 15,
    "likes": [],
    "dislikes": []
  }
},
{
  "model": "reserve.space",
  "pk": 105,
  "fields": {
    "title": "N7",
    "space_type": 7,
    "tables": 0,
    "space": "20x20",
    "parking": 2,
    "price": 15,
    "likes": [],
    "dislikes": []
  }
},
{
  "model": "reserve.space",
  "pk": 106,
  "fields": {
    "title": "N9a",
    "space_type": 7,
    "tables": 0,
    "space": "20x20",
    "parking": 2,
    "price": 15,
    "likes": [],
    "dislikes": []
  }
},
{
  "model": "reserve.space",
  "pk": 107,
  "fields": {
    "title": "N9b",
    "space_type": 7,
    "tables": 0,
    "space": "20x15",
    "parking": 2,
    "price": 12,
    "likes": [],
    "dislikes": []
  }
},
{
  "model": "reserve.space",
  "pk": 108,
  "fields": {
    "title": "N9c",
    "space_type": 7,
    "tables": 0,
    "space": "12x15",
    "parking": 2,
    "price": 12,
    "likes": [],
    "dislikes": []
  }
},
{
  "model": "reserve.space",
  "pk": 109,
  "fields": {
    "title": "N10",
    "space_type": 7,
    "tables": 0,
    "space": "20x30",
    "parking": 2,
    "price": 15,
    "likes": [],
    "dislikes": []
  }
},
{
  "model": "reserve.space",
  "pk": 110,
  "fields": {
    "title": "N11",
    "space_type": 7,
    "tables": 0,
    "space": "20x30",
    "parking": 2,
    "price": 15,
    "likes": [],
    "dislikes": []
  }
},
{
  "model": "reserve.space",
  "pk": 111,
  "fields": {
    "title": "N12",
    "space_type": 7,
    "tables": 0,
    "space": "20x30",
    "parking": 2,
    "price": 15,
    "likes": [],
    "dislikes": []
  }
},
{
  "model": "reserve.space",
  "pk": 112,
  "fields": {
    "title": "N13",
    "space_type": 7,
    "tables": 0,
    "space": "20x30",
    "parking": 2,
    "price": 15,
    "likes": [],
    "dislikes": []
  }
},
{
  "model": "reserve.space",
  "pk": 113,
  "fields": {
    "title": "N15",
    "space_type": 7,
    "tables": 0,
    "space": "20x30",
    "parking": 2,
    "price": 15,
    "likes": [],
    "dislikes": []
  }
},
{
  "model": "reserve.space",
  "pk": 114,
  "fields": {
    "title": "N16",
    "space_type": 7,
    "tables": 0,
    "space": "20x30",
    "parking": 2,
    "price": 15,
    "likes": [],
    "dislikes": []
  }
},
{
  "model": "reserve.space",
  "pk": 115,
  "fields": {
    "title": "N17",
    "space_type": 7,
    "tables": 0,
    "space": "20x30",
    "parking": 2,
    "price": 15,
    "likes": [],
    "dislikes": []
  }
},
{
  "model": "reserve.space",
  "pk": 116,
  "fields": {
    "title": "N18",
    "space_type": 7,
    "tables": 0,
    "space": "20x30",
    "parking": 2,
    "price": 15,
    "likes": [],
    "dislikes": []
  }
},
{
  "model": "reserve.space",
  "pk": 117,
  "fields": {
    "title": "N19",
    "space_type": 7,
    "tables": 0,
    "space": "20x30",
    "parking": 2,
    "price": 15,
    "likes": [],
    "dislikes": []
  }
},
{
  "model": "reserve.space",
  "pk": 118,
  "fields": {
    "title": "W22",
    "space_type": 7,
    "tables": 0,
    "space": "20x30",
    "parking": 2,
    "price": 15,
    "likes": [],
    "dislikes": []
  }
},
{
  "model": "reserve.space",
  "pk": 119,
  "fields": {
    "title": "W23",
    "space_type": 7,
    "tables": 0,
    "space": "20x30",
    "parking": 2,
    "price": 15,
    "likes": [],
    "dislikes": []
  }
},
{
  "model": "reserve.space",
  "pk": 120,
  "fields": {
    "title": "S24",
    "space_type": 7,
    "tables": 0,
    "space": "20x20",
    "parking": 2,
    "price": 15,
    "likes": [],
    "dislikes": []
  }
},
{
  "model": "reserve.space",
  "pk": 121,
  "fields": {
    "title": "S25",
    "space_type": 7,
    "tables": 0,
    "space": "20x20",
    "parking": 2,
    "price": 15,
    "likes": [],
    "dislikes": []
  }
},
{
  "model": "reserve.space",
  "pk": 122,
  "fields": {
    "title": "S26",
    "space_type": 7,
    "tables": 0,
    "space": "20x20",
    "parking": 2,
    "price": 15,
    "likes": [],
    "dislikes": []
  }
},
{
  "model": "reserve.space",
  "pk": 123,
  "fields": {
    "title": "S27",
    "space_type": 7,
    "tables": 0,
    "space": "20x20",
    "parking": 2,
    "price": 15,
    "likes": [],
    "dislikes": []
  }
},
{
  "model": "reserve.space",
  "pk": 124,
  "fields": {
    "title": "S28",
    "space_type": 7,
    "tables": 0,
    "space": "20x20",
    "parking": 2,
    "price": 15,
    "likes": [],
    "dislikes": []
  }
},
{
  "model": "reserve.space",
  "pk": 125,
  "fields": {
    "title": "S31",
    "space_type": 7,
    "tables": 0,
    "space": "12x20",
    "parking": 2,
    "price": 12,
    "likes": [],
    "dislikes": []
  }
},
{
  "model": "reserve.space",
  "pk": 126,
  "fields": {
    "title": "S32",
    "space_type": 7,
    "tables": 0,
    "space": "12x20",
    "parking": 2,
    "price": 12,
    "likes": [],
    "dislikes": []
  }
},
{
  "model": "reserve.space",
  "pk": 127,
  "fields": {
    "title": "S33",
    "space_type": 7,
    "tables": 0,
    "space": "12x20",
    "parking": 2,
    "price": 12,
    "likes": [],
    "dislikes": []
  }
},
{
  "model": "reserve.space",
  "pk": 128,
  "fields": {
    "title": "S34",
    "space_type": 7,
    "tables": 0,
    "space": "12x20",
    "parking": 2,
    "price": 12,
    "likes": [],
    "dislikes": []
  }
},
{
  "model": "reserve.space",
  "pk": 129,
  "fields": {
    "title": "S35",
    "space_type": 7,
    "tables": 0,
    "space": "12x20",
    "parking": 2,
    "price": 12,
    "likes": [],
    "dislikes": []
  }
},
{
  "model": "reserve.space",
  "pk": 130,
  "fields": {
    "title": "#22",
    "space_type": 8,
    "tables": 0,
    "space": "10x20",
    "parking": 1,
    "price": 20,
    "likes": [],
    "dislikes": []
  }
},
{
  "model": "reserve.space",
  "pk": 131,
  "fields": {
    "title": "#23",
    "space_type": 8,
    "tables": 0,
    "space": "10x20",
    "parking": 1,
    "price": 20,
    "likes": [],
    "dislikes": []
  }
},
{
  "model": "reserve.space",
  "pk": 132,
  "fields": {
    "title": "#24",
    "space_type": 8,
    "tables": 0,
    "space": "10x20",
    "parking": 1,
    "price": 20,
    "likes": [],
    "dislikes": []
  }
},
{
  "model": "reserve.space",
  "pk": 133,
  "fields": {
    "title": "#25",
    "space_type": 8,
    "tables": 0,
    "space": "10x20",
    "parking": 1,
    "price": 20,
    "likes": [],
    "dislikes": []
  }
},
{
  "model": "reserve.space",
  "pk": 134,
  "fields": {
    "title": "#26",
    "space_type": 8,
    "tables": 0,
    "space": "10x20",
    "parking": 1,
    "price": 20,
    "likes": [],
    "dislikes": []
  }
},
{
  "model": "reserve.space",
  "pk": 135,
  "fields": {
    "title": "#27",
    "space_type": 8,
    "tables": 0,
    "space": "10x20",
    "parking": 1,
    "price": 20,
    "likes": [],
    "dislikes": []
  }
},
{
  "model": "reserve.space",
  "pk": 136,
  "fields": {
    "title": "#28",
    "space_type": 8,
    "tables": 0,
    "space": "10x20",
    "parking": 1,
    "price": 20,
    "likes": [],
    "dislikes": []
  }
},
{
  "model": "reserve.space",
  "pk": 137,
  "fields": {
    "title": "#29",
    "space_type": 8,
    "tables": 0,
    "space": "10x20",
    "parking": 1,
    "price": 20,
    "likes": [],
    "dislikes": []
  }
},
{
  "model": "reserve.space",
  "pk": 138,
  "fields": {
    "title": "#30",
    "space_type": 8,
    "tables": 0,
    "space": "10x20",
    "parking": 1,
    "price": 20,
    "likes": [],
    "dislikes": []
  }
},
{
  "model": "reserve.space",
  "pk": 139,
  "fields": {
    "title": "#31",
    "space_type": 8,
    "tables": 0,
    "space": "10x20",
    "parking": 1,
    "price": 20,
    "likes": [],
    "dislikes": []
  }
},
{
  "model": "reserve.space",
  "pk": 140,
  "fields": {
    "title": "A15a",
    "space_type": 6,
    "tables": 0,
    "space": "10x12",
    "parking": 1,
    "price": 12,
    "likes": [],
    "dislikes": []
  }
},
{
  "model": "reserve.space",
  "pk": 141,
  "fields": {
    "title": "A15b",
    "space_type": 6,
    "tables": 0,
    "space": "12x30",
    "parking": 2,
    "price": 15,
    "likes": [],
    "dislikes": []
  }
},
{
  "model": "reserve.space",
  "pk": 142,
  "fields": {
    "title": "E2",
    "space_type": 9,
    "tables": 0,
    "space": "10x10",
    "parking": 1,
    "price": 12,
    "likes": [],
    "dislikes": []
  }
},
{
  "model": "reserve.space",
  "pk": 143,
  "fields": {
    "title": "E10",
    "space_type": 9,
    "tables": 0,
    "space": "10x12",
    "parking": 1,
    "price": 12,
    "likes": [],
    "dislikes": []
  }
},
{
  "model": "reserve.space",
  "pk": 144,
  "fields": {
    "title": "E-Taco",
    "space_type": 9,
    "tables": 0,
    "space": "10x10",
    "parking": 1,
    "price": 12,
    "likes": [],
    "dislikes": []
  }
},
{
  "model": "reserve.space",
  "pk": 145,
  "fields": {
    "title": "D14a",
    "space_type": 6,
    "tables": 0,
    "space": "20x20",
    "parking": 2,
    "price": 15,
    "likes": [],
    "dislikes": []
  }
},
{
  "model": "reserve.space",
  "pk": 146,
  "fields": {
    "title": "E4",
    "space_type": 9,
    "tables": 0,
    "space": "10x12",
    "parking": 1,
    "price": 12,
    "likes": [],
    "dislikes": []
  }
},
{
  "model": "reserve.space",
  "pk": 147,
  "fields": {
    "title": "D3a",
    "space_type": 6,
    "tables": 0,
    "space": "10x15",
    "parking": 1,
    "price": 12,
    "likes": [],
    "dislikes": []
  }
},
{
  "model": "reserve.space",
  "pk": 148,
  "fields": {
    "title": "E7",
    "space_type": 9,
    "tables": 0,
    "space": "20x30",
    "parking": 2,
    "price": 15,
    "likes": [],
    "dislikes": []
  }
},
{
  "model": "reserve.space",
  "pk": 149,
  "fields": {
    "title": "A4",
    "space_type": 6,
    "tables": 3,
    "space": "12x15",
    "parking": 2,
    "price": 16,
    "likes": [],
    "dislikes": []
  }
},
{
  "model": "reserve.space",
  "pk": 150,
  "fields": {
    "title": "A5",
    "space_type": 6,
    "tables": 3,
    "space": "12x15",
    "parking": 2,
    "price": 16,
    "likes": [],
    "dislikes": []
  }
},
{
  "model": "reserve.space",
  "pk": 151,
  "fields": {
    "title": "A6",
    "space_type": 6,
    "tables": 2,
    "space": "12x15",
    "parking": 1,
    "price": 14,
    "likes": [],
    "dislikes": []
  }
},
{
  "model": "reserve.space",
  "pk": 152,
  "fields": {
    "title": "A7",
    "space_type": 6,
    "tables": 0,
    "space": "12x15",
    "parking": 2,
    "price": 12,
    "likes": [],
    "dislikes": []
  }
},
{
  "model": "reserve.space",
  "pk": 153,
  "fields": {
    "title": "A8",
    "space_type": 6,
    "tables": 3,
    "space": "12x15",
    "parking": 2,
    "price": 16,
    "likes": [],
    "dislikes": []
  }
},
{
  "model": "reserve.space",
  "pk": 154,
  "fields": {
    "title": "A9",
    "space_type": 6,
    "tables": 2,
    "space": "12x15",
    "parking": 1,
    "price": 14,
    "likes": [],
    "dislikes": []
  }
},
{
  "model": "reserve.space",
  "pk": 155,
  "fields": {
    "title": "A10",
    "space_type": 6,
    "tables": 4,
    "space": "12x15",
    "parking": 2,
    "price": 18,
    "likes": [],
    "dislikes": []
  }
},
{
  "model": "reserve.space",
  "pk": 156,
  "fields": {
    "title": "A11",
    "space_type": 6,
    "tables": 4,
    "space": "12x15",
    "parking": 2,
    "price": 18,
    "likes": [],
    "dislikes": []
  }
},
{
  "model": "reserve.space",
  "pk": 157,
  "fields": {
    "title": "A12",
    "space_type": 6,
    "tables": 2,
    "space": "12x15",
    "parking": 2,
    "price": 16,
    "likes": [],
    "dislikes": []
  }
},
{
  "model": "reserve.space",
  "pk": 158,
  "fields": {
    "title": "A13",
    "space_type": 6,
    "tables": 2,
    "space": "12x15",
    "parking": 2,
    "price": 14,
    "likes": [],
    "dislikes": []
  }
},
{
  "model": "reserve.space",
  "pk": 159,
  "fields": {
    "title": "A23",
    "space_type": 6,
    "tables": 3,
    "space": "12x15",
    "parking": 2,
    "price": 16,
    "likes": [],
    "dislikes": []
  }
},
{
  "model": "reserve.space",
  "pk": 160,
  "fields": {
    "title": "A24",
    "space_type": 6,
    "tables": 2,
    "space": "12x15",
    "parking": 2,
    "price": 14,
    "likes": [],
    "dislikes": []
  }
},
{
  "model": "reserve.space",
  "pk": 161,
  "fields": {
    "title": "A25",
    "space_type": 6,
    "tables": 0,
    "space": "12x15",
    "parking": 1,
    "price": 12,
    "likes": [],
    "dislikes": []
  }
},
{
  "model": "reserve.space",
  "pk": 162,
  "fields": {
    "title": "A26",
    "space_type": 6,
    "tables": 0,
    "space": "12x15",
    "parking": 1,
    "price": 12,
    "likes": [],
    "dislikes": []
  }
},
{
  "model": "reserve.space",
  "pk": 163,
  "fields": {
    "title": "A26",
    "space_type": 6,
    "tables": 0,
    "space": "12x15",
    "parking": 1,
    "price": 12,
    "likes": [],
    "dislikes": []
  }
},
{
  "model": "reserve.space",
  "pk": 164,
  "fields": {
    "title": "A27",
    "space_type": 6,
    "tables": 0,
    "space": "12x15",
    "parking": 1,
    "price": 12,
    "likes": [],
    "dislikes": []
  }
},
{
  "model": "reserve.space",
  "pk": 165,
  "fields": {
    "title": "A28",
    "space_type": 6,
    "tables": 0,
    "space": "12x15",
    "parking": 1,
    "price": 12,
    "likes": [],
    "dislikes": []
  }
},
{
  "model": "reserve.space",
  "pk": 166,
  "fields": {
    "title": "A29",
    "space_type": 6,
    "tables": 0,
    "space": "12x15",
    "parking": 2,
    "price": 12,
    "likes": [],
    "dislikes": []
  }
},
{
  "model": "reserve.space",
  "pk": 167,
  "fields": {
    "title": "A30",
    "space_type": 6,
    "tables": 0,
    "space": "12x15",
    "parking": 2,
    "price": 12,
    "likes": [],
    "dislikes": []
  }
},
{
  "model": "reserve.space",
  "pk": 168,
  "fields": {
    "title": "A31",
    "space_type": 6,
    "tables": 0,
    "space": "12x15",
    "parking": 2,
    "price": 12,
    "likes": [],
    "dislikes": []
  }
},
{
  "model": "reserve.space",
  "pk": 169,
  "fields": {
    "title": "A32",
    "space_type": 6,
    "tables": 0,
    "space": "12x15",
    "parking": 2,
    "price": 12,
    "likes": [],
    "dislikes": []
  }
},
{
  "model": "reserve.space",
  "pk": 170,
  "fields": {
    "title": "A33",
    "space_type": 6,
    "tables": 0,
    "space": "12x15",
    "parking": 2,
    "price": 12,
    "likes": [],
    "dislikes": []
  }
}
]
